league,aggregation,competition_code,country,league_group,level,category,is_youth,is_reserve,is_professional,notes
U17 Nachwuchsliga - Gr. A,DFB-Nachwuchsliga,17DA,Germany,,,,False,False,,
U17 Nachwuchsliga - Gr. B,DFB-Nachwuchsliga,17DB,Germany,,,,False,False,,
U17 Nachwuchsliga - Gr. C,DFB-Nachwuchsliga,17DC,Germany,,,,False,False,,
U17 Nachwuchsliga - Gr. D,DFB-Nachwuchsliga,17DD,Germany,,,,False,False,,
U17 Nachwuchsliga - Gr. E,DFB-Nachwuchsliga,17DE,Germany,,,,False,False,,
U17 Nachwuchsliga - Gr. F,DFB-Nachwuchsliga,17DF,Germany,,,,False,False,,
U17 Nachwuchsliga - Gr. G,DFB-Nachwuchsliga,17DG,Germany,,,,False,False,,
U17 Nachwuchsliga - Gr. H,DFB-Nachwuchsliga,17DH,Germany,,,,False,False,,
U17 Nachwuchsliga - Liga A,DFB-Nachwuchsliga,17LA,Germany,,,,False,False,,
U17 Nachwuchsliga - Liga B,DFB-Nachwuchsliga,17LB,Germany,,,,False,False,,
U18 Div. 1 Herbst,,181F,,,,,False,False,,
U18 Div. 2 Herbst,,182F,,,,,False,False,,
U18 Div. 2 Frühling,,182S,,,,,False,False,,
U19 Nachwuchsliga - Gr. A,DFB-Nachwuchsliga,19D1,Germany,,,,False,False,,
U19 Nachwuchsliga - Gr. B,DFB-Nachwuchsliga,19D2,Germany,,,,False,False,,
U19 Nachwuchsliga - Gr. C,DFB-Nachwuchsliga,19D3,Germany,,,,False,False,,
U19 Nachwuchsliga - Gr. D,DFB-Nachwuchsliga,19D4,Germany,,,,False,False,,
U19 Nachwuchsliga - Gr. E,DFB-Nachwuchsliga,19D5,Germany,,,,False,False,,
U19 Nachwuchsliga - Gr. F,DFB-Nachwuchsliga,19D6,Germany,,,,False,False,,
U19 Nachwuchsliga - Gr. G,DFB-Nachwuchsliga,19D7,Germany,,,,False,False,,
U19 Nachwuchsliga - Gr. H,DFB-Nachwuchsliga,19D8,Germany,,,,False,False,,
U19 Nachwuchsliga - Gr. I,DFB-Nachwuchsliga,19D9,Germany,,,,False,False,,
U19 Nachwuchsliga - Liga B,DFB-Nachwuchsliga,19LB,Germany,,,,False,False,,
U21 Div. 1 Herbst,Youth,211F,Netherlands,,,,False,False,,
U21 Div. 2 Herbst,Youth,212F,Netherlands,,,,False,False,,
U21 Div. 2 Frühling,Youth,212S,Netherlands,,,,False,False,,
Liguilla MX U21 Apertura,,21MA,,,,,False,False,,
2. Division B,2. Division B,2DVB,Russia,,,,False,False,,
Derde Divisie A,Derde Divisie,510,Netherlands,,,,False,False,,
Derde Divisie B,Derde Divisie,511,Netherlands,,,,False,False,,
Bundesliga,,A1,Austria,,,,False,False,,
Playoff Torneo Clausura,,A1P2,Argentina,,,,False,False,,
2. Liga,,A2,Austria,,,,False,False,,
NPL New South Wales,,A2SW,Australia,,,,False,False,,
Prim. Nacional - Reducido,,A2TP,Argentina,,,,False,False,,
NPL Victoria,,A2VI,Australia,,,,False,False,,
Federal A - Reválida Playoff,,A3RP,Argentina,,,,False,False,,
Burgenlandliga,Landesliga,A4B,Austria,,,,False,False,,
Kärntner Liga,,A4K,Austria,,,,False,False,,
LL Niederösterreich,,A4N,Austria,,,,False,False,,
OÖ Liga,,A4O,Austria,,,,False,False,,
Salzburger Liga,,A4S,Austria,,,,False,False,,
LL Steiermark,,A4ST,Austria,,,,False,False,,
Tiroler Liga,,A4T,Austria,,,,False,False,,
Eliteliga Vorarlberg,,A4V,Austria,,,,False,False,,
Wiener Stadtliga,,A4W,Austria,,,,False,False,,
2de Nationale FFA,,ACFF,Belgium,,,,False,False,,
U19-Meisterschaft,DFB-Nachwuchsliga,AJ,Germany,,,,False,False,,
U19-BL N/NO,DFB-Nachwuchsliga,AJ1,Germany,,,,False,False,,
U19-Bundesliga West,DFB-Nachwuchsliga,AJ2,Germany,,,,False,False,,
U19-BL Süd/Südwest,DFB-Nachwuchsliga,AJ3,Germany,,,,False,False,,
U19-Relegation Nord/Nordost,DFB-Nachwuchsliga,AJR1,Germany,,,,False,False,,
U19-Relegation Süd/Südwest,DFB-Nachwuchsliga,AJR2,Germany,,,,False,False,,
Kategoria Superiore U21,,AL21,,,,,False,False,,
Kategoria Superiore,,ALB1,Albania,,,,False,False,,
Kategoria e Parë,,ALB2,Albania,,,,False,False,,
Re. Kategoria e Parë,,ALP4,,,,,False,False,,
Primera Divisió,,AND1,Andorra,,,,False,False,,
Segona Divisió,,AND2,Andorra,,,,False,False,,
U18 Patanekan Arajnutyun,,AR18,,,,,False,False,,
Federal A - Fase Campeonato,,AR3F,Argentina,,,,False,False,,
Federal A - Fase Reválida,,AR3R,Argentina,,,,False,False,,
Torneo Apertura,,ARG1,Argentina,,,,False,False,,
Primera Nacional,,ARG2,Argentina,,,,False,False,,
Torneo Federal A,,ARG3,Argentina,,,,False,False,,
Torneo Clausura,,ARGC,Argentina,,,,False,False,,
First League,,ARM2,Armenia,,,,False,False,,
Torneo Proyección,,ARY3,Argentina,,,,False,False,,
Regionalliga Mitte,,ATRM,Austria,,,,False,False,,
Regionalliga Ost,Regionalliga,ATRO,Austria,,,,False,False,,
A-League Men,,AUS1,Australia,,,,False,False,,
Premyer Liqa,,AZ1,Azerbaijan,,,,False,False,,
Campeonato Cearense - Abstiegsr.,,BCE2,,,,,False,False,,
Campeonato Paulista,Campeonato,BCP1,Brazil,,,,False,False,,
Jupiler Pro League,,BE1,Belgium,,,,False,False,,
Challenger Pro League,,BE2,Belgium,,,,False,False,,
U21 Pro League,,BE21,,,,,False,False,,
1ste Nationale FFA,,BE3A,Belgium,,,,False,False,,
1ste Nationale VV,,BE3V,Belgium,,,,False,False,,
3de Nationale VV A,,BE5A,Belgium,,,,False,False,,
3de Nationale VV B,,BE5B,Belgium,,,,False,False,,
1ste Nationale,,BEL3,Belgium,,,,False,False,,
U18 Elite 1 PO B,,BEYO,,,,,False,False,,
U18 Elite 1 PO A,,BEYP,,,,,False,False,,
BFL,,BGD1,Bangladesh,,,,False,False,,
Bhutan Premier League,,BH1L,Bhutan,,,,False,False,,
Prva Liga RS,,BH2S,Bosnien-Herzegowina,,,,False,False,,
Premijer Liga BiH U17,,BI17,Bosnien-Herzegowina,,,,False,False,,
Premijer Liga BiH U19,,BI19,Bosnien-Herzegowina,,,,False,False,,
U17-Meisterschaft,DFB-Nachwuchsliga,BJ,Germany,,,,False,False,,
U17-BL N/NO,DFB-Nachwuchsliga,BJ1,Germany,,,,False,False,,
U17-Bundesliga West,DFB-Nachwuchsliga,BJ2,Germany,,,,False,False,,
U17-Bundesliga Süd/Südwest,DFB-Nachwuchsliga,BJ3,Germany,,,,False,False,,
U17-Relegation Süd/Südwest,DFB-Nachwuchsliga,BJ3R,Germany,,,,False,False,,
LL Bayern NO - Endr.,,BNOE,,,,,False,False,,
División Profesional,,BO1A,Bolivia,,,,False,False,,
División Profesional Clausura,,BO1C,Bolivia,,,,False,False,,
Oberliga Berlin,Oberliga,BO91,Germany,,,,False,False,,
Premijer Liga BiH,,BOS1,Bosnien-Herzegowina,,,,False,False,,
Prva liga FBIH,,BOS2,Bosnien-Herzegowina,,,,False,False,,
Série A,,BRA1,Brazil,,,,False,False,,
Série B,,BRA2,Brazil,,,,False,False,,
Brandenburgliga,Landesliga,BRBL,Germany,,,,False,False,,
Camp. Carioca - Play-off,,BRP5,,,,,False,False,,
Brunei Super League,,BSL1,Brunei Darussalam,,,,False,False,,
efbet Liga,,BU1,Bulgaria,,,,False,False,,
Vtora Liga,,BU2,Bulgaria,,,,False,False,,
Liga de Belice Apertura,,BZ1A,Belize,,,,False,False,,
U19 Elite League,,C191,,,,,False,False,,
2. Liga inter - Gr. 1 (- 11/12),,C2I2,Switzerland,,,,False,False,,
2. Liga inter - Gr. 5 (- 11/12),,C2I5,Switzerland,,,,False,False,,
Fase Final TBD II,,C2P2,Colombia,,,,False,False,,
National 3 - Grp. K,National 3,C3AR,France,,,,False,False,,
National 3 - Grp. J,National 3,C3BF,France,,,,False,False,,
National 2 - Grp. E,National 2,C3BR,France,,,,False,False,,
National 2 - Grp. A,National 2,C3CM,France,,,,False,False,,
National 3 - Grp. I,National 3,C3GE,France,,,,False,False,,
National 2 - Grp. G,National 2,C3HF,France,,,,False,False,,
National 2 - Grp. H,National 2,C3IF,France,,,,False,False,,
National 2 - Grp. B,National 2,C3NA,France,,,,False,False,,
National 2 - Grp. F,National 2,C3NO,France,,,,False,False,,
N3 - Occitanie,,C3OC,France,,,,False,False,,
Championnat National 2 - Groupe D,,C3PL,,,,,False,False,,
National 2 - Grp. C,National 2,C3VL,France,,,,False,False,,
CanPL,,CDN1,Canada,,,,False,False,,
U17 Elite League,,CH17,Switzerland,,,,False,False,,
U18 Elite League,,CH18,Switzerland,,,,False,False,,
League Two Prom.,,CH3P,China,,,,False,False,,
League Two Rel.,,CH3R,,,,,False,False,,
1. Liga Gr. 1,1. Liga Classic,CHC1,Switzerland,,,,False,False,,
1. Liga Gr. 2,1. Liga Classic,CHC2,Switzerland,,,,False,False,,
1. Liga Gr. 3,1. Liga Classic,CHC3,Switzerland,,,,False,False,,
Primera B Apertura,,CHL2,Chile,,,,False,False,,
League Two A,,CHL3,China,,,,False,False,,
Promotion League,,CHPR,Switzerland,,,,False,False,,
2. Liga Inter - Gr. 1,,CIR1,Switzerland,,,,False,False,,
2. Liga Inter - Gr. 2,,CIR2,Switzerland,,,,False,False,,
2. Liga Inter - Gr. 3,2. Liga interregional,CIR3,Switzerland,,,,False,False,,
2. Liga Inter - Gr. 4,2. Liga interregional,CIR4,Switzerland,,,,False,False,,
2. Liga Inter - Gr. 5,2. Liga interregional,CIR5,Switzerland,,,,False,False,,
2. Liga Inter - Gr. 6 (- 21/22),,CIR6,Switzerland,,,,False,False,,
Liga de Ascenso,,CL2B,Chile,,,,False,False,,
Liguilla Promoción,,CL2P,Chile,,,,False,False,,
League Two B,,CL3S,China,,,,False,False,,
Liga Primera,,CLPD,Chile,,,,False,False,,
Copa Proyección Clausura,,CLPF,Argentina,,,,False,False,,
National 1 - Grp. A,National 1,CN2A,France,,,,False,False,,
Championnat National 1 - Groupe B,,CN2B,France,,,,False,False,,
National 1 - Grp. C,National 1,CN2C,France,,,,False,False,,
National League,,CNAT,England,,,,False,False,,
Torneo DIMAYOR II,,CO22,Colombia,,,,False,False,,
Torneo DIMAYOR I,,CO2T,Colombia,,,,False,False,,
Liga DIMAYOR II,,COL1,Colombia,,,,False,False,,
Fase Final LBD II,,COLO,Colombia,,,,False,False,,
Liga DIMAYOR I,,COLP,Colombia,,,,False,False,,
Copa Proyección Clau. Playoff,,CPP2,Argentina,,,,False,False,,
CP - Série A,,CPSA,Portugal,,,,False,False,,
CP - Série B,,CPSB,Portugal,,,,False,False,,
CP - Série C,,CPSC,Portugal,,,,False,False,,
CP - Série D,,CPSD,Portugal,,,,False,False,,
Prva HNL - Juniori,,CR19,Croatia,,,,False,False,,
Primera División Apertura,,CRPD,Costa Rica,,,,False,False,,
Apertura Play-Off,,CRPV,Costa Rica,,,,False,False,,
CSL Championship Play-Offs,,CSLC,,,,,False,False,,
2. Division,,CYP2,Cyprus,,,,False,False,,
1. liga U19,,CZ19,Czech Republic,,,,False,False,,
Juniorska liga,,CZ21,,,,,False,False,,
CFL,,CZ3C,Czech Republic,,,,False,False,,
MSFL,,CZ3M,Czech Republic,,,,False,False,,
Superliga,,DK1,Denmark,,,,False,False,,
1.Division,,DK2,Denmark,,,,False,False,,
2.Division,,DK3O,Denmark,,,,False,False,,
2.Division Aufstiegsrunde,,DK3V,Denmark,,,,False,False,,
3.Division,,DK4L,Denmark,,,,False,False,,
2.Division Abstiegsrunde,,DKDA,Denmark,,,,False,False,,
U19 Drenge Divisionen,,DKDD,Denmark,,,,False,False,,
U19 Drenge Ligaen,,DKDL,Denmark,,,,False,False,,
Liga Dominicana de Fútbol,,DOM1,Dominican Republic,,,,False,False,,
PL2 Playoffs,,E21P,England,,,,False,False,,
2ª B - Abstiegsrunde,,E3FD,Spain,,,,False,False,,
Primera Federación - Gr. I,Primera Federación,E3G1,Spain,,,,False,False,,
Primera Federación - Gr. II,Primera Federación,E3G2,Spain,,,,False,False,,
Segunda Federación - Gr. I,Segunda Federación,E4G1,Spain,,,,False,False,,
Segunda Federación - Gr. II,Segunda Federación,E4G2,Spain,,,,False,False,,
Segunda Federación - Gr. III,Segunda Federación,E4G3,Spain,,,,False,False,,
Segunda Federación - Gr. IV,Segunda Federación,E4G4,Spain,,,,False,False,,
Segunda Federación - Gr. V,,E4G5,Spain,,,,False,False,,
LigaPro Serie A,,EC1N,Ecuador,,,,False,False,,
Liga Pro Serie B,,EC2L,Ecuador,,,,False,False,,
Serie B Aufstieg,,ECB2,Ecuador,,,,False,False,,
Serie B Abstieg,,ECB3,,,,,False,False,,
Liga Pro Meisterrunde,,ECP1,,,,,False,False,,
Liga Pro Playoff Sudamericana,,ECP2,Ecuador,,,,False,False,,
Liga Pro Abstiegsrunde,,ECP3,Ecuador,,,,False,False,,
U17 Eliitliiga,,EE17,,,,,False,False,,
U19 Eliitliiga Esiliiga,,EE19,Estonia,,,,False,False,,
U19 Eliitliiga Meistriliiga,,ELME,Estonia,,,,False,False,,
Regionalliga Tirol (- 2023),,ELTI,Austria,,,,False,False,,
LaLiga,,ES1,Spain,,,,False,False,,
U17 Eliitliiga Esiliiga,,ES17,,,,,False,False,,
LaLiga2,,ES2,Spain,,,,False,False,,
2ª B - Grupo I,,ES3A,Spain,,,,False,False,,
2ª B - Grupo II,,ES3B,Spain,,,,False,False,,
2ª B - Grupo III,,ES3C,Spain,,,,False,False,,
2ª B - Grupo IV,,ES3D,Spain,,,,False,False,,
2ª B - Grupo V,,ES3E,Spain,,,,False,False,,
Premium Liiga,,EST1,Estonia,,,,False,False,,
Esiliiga,,EST2,Estonia,,,,False,False,,
Esiliiga B,,EST3,Estonia,,,,False,False,,
Relegation Estland,,ESTR,,,,,False,False,,
P18 SM Quali,,F18Q,,,,,False,False,,
National U19 - Grp. A,National U19,F19A,France,,,,False,False,,
National U19 - Grp. B,National U19,F19B,France,,,,False,False,,
National U19 - Grp. C,National U19,F19C,France,,,,False,False,,
National U19 - Grp. D,National U19,F19D,France,,,,False,False,,
Veikkausliiga Abstiegsrunde,,F1CC,Finland,,,,False,False,,
Veikkausliiga Meisterrunde,,F1CL,Finland,,,,False,False,,
Kakkonen Abstiegsrunde C,Kakkonen,F3KC,Finland,,,,False,False,,
Kolmonen Pohjoinen,Kolmonen,F4KP,Finland,,,,False,False,,
Kolmonen Läntinen,Kolmonen,F4LA,Finland,,,,False,False,,
1. deild,,FAR2,Färöer,,,,False,False,,
Meistaradeildin,,FARO,Färöer,,,,False,False,,
Ykkösliiga,,FI2,Finland,,,,False,False,,
Kakkonen - Gruppe A,Kakkonen,FI3A,Finland,,,,False,False,,
Kakkonen - Gruppe B,Kakkonen,FI3B,Finland,,,,False,False,,
Kakkonen - Gruppe C,Kakkonen,FI3C,Finland,,,,False,False,,
Ykkönen Promotion Group,,FI3P,Finland,,,,False,False,,
Kakkonen - Süd,,FI3S,,,,,False,False,,
Kolmonen Itäinen,Kolmonen,FI4L,Finland,,,,False,False,,
Relegation Ykkösliiga,,FI4R,Finland,,,,False,False,,
Fiji Premier League,,FIJ1,Fiji,,,,False,False,,
Kakkonen Play-off,,FIKP,Finland,,,,False,False,,
A-pojat SM-sarja Quali,,FINJ,Finland,,,,False,False,,
Ykkönen,,FIYK,Finland,,,,False,False,,
A-Pojat SM Sarja Endrunde,,FJE,Finland,,,,False,False,,
Kakkonen Aufstiegsrunde A,Kakkonen,FP3A,Finland,,,,False,False,,
Ligue 1,,FR1,France,,,,False,False,,
Ligue 2,,FR2,France,,,,False,False,,
Ligue 3,,FR3,France,,,,False,False,,
Gibraltar U18 League,,G17L,Gibraltar,,,,False,False,,
Premier League,,GB1,England,,,,False,False,,
U18 Premier League,,GB18,England,,,,False,False,,
Championship,,GB2,England,,,,False,False,,
Premier League 2,,GB21,England,,,,False,False,,
League One,,GB3,England,,,,False,False,,
League Two,,GB4,England,,,,False,False,,
Reserve League,,GBR,England,,,,False,False,,
Erovnuli Liga,,GE1N,Georgia,,,,False,False,,
Pirveli Liga (bis 12/2016),,GE2H,Georgia,,,,False,False,,
Umaghlesi Liga (bis 12/2016),,GEO1,Georgia,,,,False,False,,
Erovnuli Liga 2,,GEO2,Georgia,,,,False,False,,
Gibraltar Football League,,GI1,Gibraltar,,,,False,False,,
Championship Group,,GN1P,Gibraltar,,,,False,False,,
Super League 1,,GR1,Greece,,,,False,False,,
Football League,,GR2,Greece,,,,False,False,,
Super League U19,,GR20,Greece,,,,False,False,,
Football League Süd,,GR2S,Greece,,,,False,False,,
G' Ethniki Play-off,,GRP2,Greece,,,,False,False,,
Super League 2,,GRS2,Greece,,,,False,False,,
Gozo League,,GZO1,,,,,False,False,,
Vierde Divisie B Samstag,Vierde Divisie,HBZA,Netherlands,,,,False,False,,
Vierde Divisie B Sonntag,Vierde Divisie,HBZO,Netherlands,,,,False,False,,
Hongkong Premier League,,HGKG,Hong Kong,,,,False,False,,
HKPL U22 League,,HK22,,,,,False,False,,
Hong Kong First Division,,HK2L,Hong Kong,,,,False,False,,
Hong Kong Second Division,,HK3L,Hong Kong,,,,False,False,,
Hokushin'etsu Football League (Div.1),,HKSE,Japan,,,,False,False,,
Liga Nacional Apertura,,HO1A,Honduras,,,,False,False,,
LNPHN Apertura Playoff,,HOAP,Honduras,,,,False,False,,
Liga Nacional Clausura,,HOC1,Honduras,,,,False,False,,
Primavera 1,,IJ1,Italy,,,,False,False,,
Primavera 2 - A,Primavera 2,IJ2A,Italy,,,,False,False,,
Primavera 2 - B,Primavera 2,IJ2B,Italy,,,,False,False,,
EPA Super League U20,,IN20,,,,,False,False,,
Liga Nusantara,,IN3L,Indonesia,,,,False,False,,
Indian Super League,,IND1,India,,,,False,False,,
I-League 2,,IND2,India,,,,False,False,,
Indian Football League,,INIL,India,,,,False,False,,
Super League Kerala,,INR1,,,,,False,False,,
Premier Division,,IR1,Ireland,,,,False,False,,
First Division,,IR2,Ireland,,,,False,False,,
Persian Gulf League,,IRN1,Iran,,,,False,False,,
Azadegan League,,IRN2,Iran,,,,False,False,,
League 2,,IRN3,Iran,,,,False,False,,
Iraq Stars League,,IRQ1,Iraq,,,,False,False,,
Besta deild,,IS1,Iceland,,,,False,False,,
Besta Deild - Endr.,,IS1P,Iceland,,,,False,False,,
Lengjudeild,,IS2,Iceland,,,,False,False,,
2. deild,,ISL3,Iceland,,,,False,False,,
Ligat ha'Al,,ISR1,Israel,,,,False,False,,
Liga Leumit,,ISR2,Israel,,,,False,False,,
Serie A,,IT1,Italy,,,,False,False,,
Serie B,,IT2,Italy,,,,False,False,,
Serie C - A,Serie C,IT3A,Italy,,,,False,False,,
Serie C - B,Serie C,IT3B,Italy,,,,False,False,,
Serie C - C,Serie C,IT3C,Italy,,,,False,False,,
Serie D - A,Serie D,IT4A,Italy,,,,False,False,,
Serie D - B,Serie D,IT4B,Italy,,,,False,False,,
Serie D - C,Serie D,IT4C,Italy,,,,False,False,,
Serie D - D,Serie D,IT4D,Italy,,,,False,False,,
Serie D - E,Serie D,IT4E,Italy,,,,False,False,,
Serie D - F,Serie D,IT4F,Italy,,,,False,False,,
Serie D - G,Serie D,IT4G,Italy,,,,False,False,,
Serie D - H,Serie D,IT4H,Italy,,,,False,False,,
Serie D - I,Serie D,IT4I,Italy,,,,False,False,,
Lega Pro 2 - A,,IT4X,,,,,False,False,,
Lega Pro 2 - B,,IT4Y,Italy,,,,False,False,,
Lega Pro 2 - C,,IT4Z,,,,,False,False,,
Primavera A,,ITJ1,Italy,,,,False,False,,
Primavera B,,ITJ2,,,,,False,False,,
Under 17 - A,,ITJ4,,,,,False,False,,
Under 17 - B,,ITJ5,,,,,False,False,,
Under 17 - C,,ITJ6,Italy,,,,False,False,,
Under 18,,ITJ7,,,,,False,False,,
Under 17 20/21,,ITJ8,Italy,,,,False,False,,
Under 18 - B,,ITJ9,,,,,False,False,,
Takamado U18 PL Ost,Takamado U18,J18E,Japan,,,,False,False,,
Takamado U18 PL West,Takamado U18,J18W,Japan,,,,False,False,,
Hokushin'etsu Football League (Div.2),,J6H2,,,,,False,False,,
Kanto Soccer League (Div.2),Kanto Soccer League,J6K2,Japan,,,,False,False,,
Kansai Soccer League (Div.2),Kansai Soccer League,J6KA,Japan,,,,False,False,,
Tokai Soccer League (Div.2),Regional League,J6T2,Japan,,,,False,False,,
Tohoku Soccer League (Div.2 Süd),,J6TS,,,,,False,False,,
J1 League,,JAP1,Japan,,,,False,False,,
J2 League,,JAP2,Japan,,,,False,False,,
J3 League,,JAP3,Japan,,,,False,False,,
Chugoku Soccer League,,JCSL,Japan,,,,False,False,,
Japan Football League,,JFL,Japan,,,,False,False,,
ÖFB Jugendliga U18,,JGD2,Austria,,,,False,False,,
ÖFB Jugendliga U16,,JGD3,Austria,,,,False,False,,
Jordanian Pro League,,JO1L,Jordan,,,,False,False,,
Kansai Soccer League (Div.1),Kansai Soccer League,JPKA,Japan,,,,False,False,,
Kyushu Soccer League,Regional League,JPKS,Japan,,,,False,False,,
Jamaica Premier League,,JPL1,Jamaica,,,,False,False,,
U19 Allsvenskan Norra,,JUNO,Sweden,,,,False,False,,
U19 Allsvenskan Södra,,JUS,Sweden,,,,False,False,,
K3 League,,K3L,South Korea,,,,False,False,,
K4 League,,K4L,South Korea,,,,False,False,,
Premier Liga,,KAS1,Kazakhstan,,,,False,False,,
Pervaya Liga,,KAS2,Kazakhstan,,,,False,False,,
Jogorku Liga,,KG1L,Kyrgyzstan,,,,False,False,,
C. Premier League,,KHM1,Cambodia,,,,False,False,,
Superliga e Kosovës,,KO1,Kosovo,,,,False,False,,
Kolmonen Etelä A,Kolmonen,KOG1,Finland,,,,False,False,,
Kolmonen Etelä B,Kolmonen,KOG2,Finland,,,,False,False,,
Kolmonen Etelä C,Kolmonen,KOG3,Finland,,,,False,False,,
Kakkonen Aufstiegsrunde B,Kakkonen,KP3B,Finland,,,,False,False,,
SuperSport HNL,,KR1,Croatia,,,,False,False,,
Prva NL,,KR2,Croatia,,,,False,False,,
Kanto Soccer League (Div.1),Kanto Soccer League,KTOS,Japan,,,,False,False,,
Bundesliga-News,,L1,,,,,False,False,,
2. Bundesliga,,L2,Germany,,,,False,False,,
3. Liga,,L3,Germany,,,,False,False,,
Lao League 1,,LAO1,Laos,,,,False,False,,
LL Bayern-Mitte,Landesliga,LBMI,Germany,,,,False,False,,
LL Bayern-N/O,Landesliga,LBNO,Germany,,,,False,False,,
LL Bayern-N/W,Landesliga,LBNW,Germany,,,,False,False,,
LL Bayern-S/O,Landesliga,LBSO,Germany,,,,False,False,,
LL Bayern-S/W,Landesliga,LBSW,Germany,,,,False,False,,
Virsliga,,LET1,Latvia,,,,False,False,,
Futbola Pirmā līga,,LET2,Latvia,,,,False,False,,
Relegation Virsliga,,LETA,Latvia,,,,False,False,,
Landesliga Hamburg,Landesliga,LH21,Germany,,,,False,False,,
Toplyga,,LI1,Lithuania,,,,False,False,,
Lebanese Premier League,,LIB1,Lebanon,,,,False,False,,
Landesliga Hansa,Landesliga,LLHA,Germany,,,,False,False,,
Landesliga Hammonia,Landesliga,LLHM,Germany,,,,False,False,,
Landesliga Holstein,Landesliga,LLHO,Germany,,,,False,False,,
LL Lüneburg,Landesliga,LLL,Germany,,,,False,False,,
LL Mittelrhein 1,Landesliga,LLM1,Germany,,,,False,False,,
LL Mittelrhein 2,Landesliga,LLM2,Germany,,,,False,False,,
Saarlandliga,Landesliga,LLSA,Germany,,,,False,False,,
Landesliga Schleswig,Landesliga,LLSL,Germany,,,,False,False,,
LL Braunschweig,Landesliga,LNBR,Germany,,,,False,False,,
LL Hannover,Landesliga,LNHA,Germany,,,,False,False,,
LL Niederrhein-Gr. 1,Landesliga,LNR1,Germany,,,,False,False,,
LL Niederrhein-Gr. 2,Landesliga,LNR2,Germany,,,,False,False,,
LL Niederrhein-Gr. 3,Landesliga,LNR3,Germany,,,,False,False,,
LL Weser-Ems,Landesliga,LNWE,Germany,,,,False,False,,
Libyan Premier League,,LPL,Libya,,,,False,False,,
Qualif. Playoff,,LPL2,Libya,,,,False,False,,
Meisterschafts Play-off,,LPL3,Libya,,,,False,False,,
I Lyga Play-off,,LTP3,Lithuania,,,,False,False,,
I Lyga,,LTU2,Lithuania,,,,False,False,,
BGL Ligue,,LUX1,Luxembourg,,,,False,False,,
Ehrenpromotion,,LUX2,Luxembourg,,,,False,False,,
Liga MX U19 Apertura,Liga MX U19 U20,M191,Mexico,,,,False,False,,
Liguilla MX U19 Ap.,,M193,Mexico,,,,False,False,,
Liga MX U20 Apertura,Liga MX U19 U20,M20A,Mexico,,,,False,False,,
Liga MX U21 Apertura,,M21A,,,,,False,False,,
Challenge League,,MAL2,Switzerland,,,,False,False,,
National Amateur League I,,MAL3,Malta,,,,False,False,,
Botola Pro Inwi,,MAR1,Morocco,,,,False,False,,
A1 Semi-Pro League,,MAY2,Malaysia,,,,False,False,,
Prva liga,,MAZ1,North Macedonia,,,,False,False,,
Liga 1,,MDL2,Moldawien,,,,False,False,,
Liga MX Clausura,Liga MX,MEX1,Mexico,,,,False,False,,
Liga Expansión MX Cl.,Liga Expansión MX,MEX2,Mexico,,,,False,False,,
Liga MX Apertura,Liga MX,MEXA,Mexico,,,,False,False,,
Liga Expansión MX Ap.,Liga Expansión MX,MEXB,Mexico,,,,False,False,,
Liga 1 (Phase 2),,ML1P,,,,,False,False,,
D. Premier League,,MLD1,Maldives,,,,False,False,,
MLS,,MLS1,United States,,,,False,False,,
MLS Reserve League,,MLSR,United States,,,,False,False,,
Meridianbet 1. CFL,,MNE1,Montenegro,,,,False,False,,
2. CFL,,MNE2,Montenegro,,,,False,False,,
MLS Next Pro,,MNP3,United States,,,,False,False,,
Super Liga,,MO1N,Moldawien,,,,False,False,,
Divizia Nationala (-2017),,MOL1,Moldawien,,,,False,False,,
Premier League Opening Round,,MT1N,Malta,,,,False,False,,
Liguilla de Expansión Apertura,,MXBA,Mexico,,,,False,False,,
Myanmar National League,,MYA1,Myanmar,,,,False,False,,
Super League,,MYS1,Malaysia,,,,False,False,,
NASL Fall Championship,,NAFC,United States,,,,False,False,,
NASL Spring Championship,,NASC,United States,,,,False,False,,
Liga Primera Clausura,,NC1C,Nicaragua,,,,False,False,,
National League - Central,National League,NCL1,New Zealand,,,,False,False,,
Eerste Divisie A,,NEDA,Netherlands,,,,False,False,,
Eerste Klasse C,Eerste Klasse,NEKC,Netherlands,,,,False,False,,
Eerste Klasse D,Eerste Klasse,NEKD,Netherlands,,,,False,False,,
NISA Fall Season,,NIFS,United States,,,,False,False,,
NISA,,NIS3,United States,,,,False,False,,
NISA Spring Season,,NISR,,,,,False,False,,
Eredivisie,,NL1,Netherlands,,,,False,False,,
Keuken Kampioen Divisie,Keuken Kampioen Divisie,NL2,Netherlands,,,,False,False,,
U19 Div. 2 Frühling,Youth,NLAE,Netherlands,,,,False,False,,
U19 Div. 1 Frühling,,NLAJ,,,,,False,False,,
Beloften Eerste Divisie,Beloften,NLBB,Netherlands,,,,False,False,,
Beloften Eredivisie,Beloften,NLBE,Netherlands,,,,False,False,,
U17 Div. 1 Frühling,Youth,NLBJ,Netherlands,,,,False,False,,
U19 Div. 2 Fall,Youth,NLEV,Netherlands,,,,False,False,,
U19 Div. 1 Herbst,Youth,NLJV,Netherlands,,,,False,False,,
National League North,,NLN6,England,,,,False,False,,
National League South,,NLS6,England,,,,False,False,,
U17 Div. 1 Herbst,Youth,NLVB,Netherlands,,,,False,False,,
National League - North,National League,NNL1,New Zealand,,,,False,False,,
Eliteserien,,NO1,Norway,,,,False,False,,
OBOS-ligaen,,NO2,Norway,,,,False,False,,
PostNord-ligaen Avd. 1,,NO31,Norway,,,,False,False,,
PostNord-ligaen Avd. 2,,NO32,Norway,,,,False,False,,
Norsk Tipping-Ligaen avd. 1,Norsk Tipping-ligaen,NO41,Norway,,,,False,False,,
Norsk Tipping-Ligaen avd. 2,Norsk Tipping-ligaen,NO42,Norway,,,,False,False,,
Norsk Tipping-Ligaen avd. 3,Norsk Tipping-ligaen,NO43,Norway,,,,False,False,,
Norsk Tipping-Ligaen avd. 4,Norsk Tipping-ligaen,NO44,Norway,,,,False,False,,
Norsk Tipping-Ligaen avd. 5,Norsk Tipping-ligaen,NO45,Norway,,,,False,False,,
Norsk Tipping-Ligaen avd. 6,Norsk Tipping-ligaen,NO46,Norway,,,,False,False,,
NPFL,,NPFL,Nigeria,,,,False,False,,
Nepal Super League,,NPL1,Nepal,,,,False,False,,
National League - South,National League,NSL1,New Zealand,,,,False,False,,
Tweede Divisie,,NTD,Netherlands,,,,False,False,,
NZ Premiership (- 2021),,NZL1,New Zealand,,,,False,False,,
National League Championship,National League,NZNL,New Zealand,,,,False,False,,
Oberliga BW,Oberliga,OBLB,Germany,,,,False,False,,
Hessenliga,Landesliga,OBLC,Germany,,,,False,False,,
NOFV-Oberliga Nord,Oberliga,OBLF,Germany,,,,False,False,,
NOFV-Oberliga Süd,Oberliga,OBLG,Germany,,,,False,False,,
Oberliga NDS-West,Oberliga,OBLH,Germany,,,,False,False,,
Oberliga NDS-Ost,Oberliga,OBLI,Germany,,,,False,False,,
Oberliga Hamburg,Oberliga,OBLJ,Germany,,,,False,False,,
Bremenliga,Landesliga,OBLK,Germany,,,,False,False,,
Oberliga Schleswig-Holstein,Oberliga,OBLL,Germany,,,,False,False,,
OL Niedersachsen,Oberliga,OBLN,Germany,,,,False,False,,
OL Ba-Wü (- 93/94),Oberliga,OBW3,Germany,,,,False,False,,
Oberliga Hessen,Oberliga,OL7,Germany,,,,False,False,,
Bayernliga Nord,Bayernliga,OLB1,Germany,,,,False,False,,
Bayernliga Süd,Bayernliga,OLB2,Germany,,,,False,False,,
Mittelrheinliga,Landesliga,OLMR,Germany,,,,False,False,,
Oberliga Niederrhein,Oberliga,OLNI,Germany,,,,False,False,,
OL RP/Saar,Oberliga,OLRP,Germany,,,,False,False,,
Oberliga Westfalen,Oberliga,OLW3,Germany,,,,False,False,,
Jindal League,,OM1L,Oman,,,,False,False,,
División Intermedia,,PAR2,Paraguay,,,,False,False,,
Primera División Clausura,,PDV1,Costa Rica,,,,False,False,,
Liga 2 - Gr. campeonato,,PEP4,Peru,,,,False,False,,
Liga 2 - Gr. descenso,,PEP5,Peru,,,,False,False,,
Liga 1 Playoffs,,PERF,Peru,,,,False,False,,
PFL,,PFL1,Philippines,,,,False,False,,
United Football League (-2016),,PHI1,,,,,False,False,,
Ekstraklasa,,PL1,Poland,,,,False,False,,
Betclic 1 Liga,,PL2,Poland,,,,False,False,,
Betclic 2 Liga,,PL2L,Poland,,,,False,False,,
Betclic 3 Liga - Gruppe I,Betclic 3 Liga,PL31,Poland,,,,False,False,,
Betclic 3 Liga - Gruppe II,Betclic 3 Liga,PL32,Poland,,,,False,False,,
Betclic 3 Liga - Gruppe III,Betclic 3 Liga,PL33,Poland,,,,False,False,,
Betclic 3 Liga - Gruppe IV,Betclic 3 Liga,PL34,Poland,,,,False,False,,
2 Liga - West,,PL3Z,Poland,,,,False,False,,
Baraże o udział w CLJ,,PLJR,Poland,,,,False,False,,
ZJ - Ost (bis 17/18),,PLJW,,,,,False,False,,
Jugendliga POL,,PLZJ,Poland,,,,False,False,,
Liga Panameña Apertura,,PN1A,Panama,,,,False,False,,
Liga Panameña Clausura,,PN1C,Panama,,,,False,False,,
Liga Portugal,,PO1,Portugal,,,,False,False,,
Liga Portugal 2,,PO2,Portugal,,,,False,False,,
Liguilla Apertura,,POMX,Mexico,,,,False,False,,
Liga Puerto Rico Apertura,,PRA1,Puerto Rico,,,,False,False,,
Liga Revelação,,PT23,Portugal,,,,False,False,,
Liga 3,,PT3A,Portugal,,,,False,False,,
U19 Eliitliiga Quali,,QELM,,,,,False,False,,
Stars League,,QSL,Qatar,,,,False,False,,
Qatari Second Division,,QU2L,Qatar,,,,False,False,,
Liga 2 Play-Out,,R2AO,Romania,,,,False,False,,
Liga 2 Play-Off,,R2AP,Romania,,,,False,False,,
2. Division A (Phase 1),,R3D1,Russia,,,,False,False,,
Relegation Ettan,,REET,,,,,False,False,,
Rheinlandliga,Landesliga,RHL,Germany,,,,False,False,,
U19 M-Liga,,RJL2,Russia,,,,False,False,,
Regionalliga Bayern,Regionalliga,RLB3,Germany,,,,False,False,,
Regionalliga Nord,Regionalliga,RLN3,Germany,,,,False,False,,
Regionalliga Nordost,Regionalliga,RLN4,Germany,,,,False,False,,
Regionalliga Südwest,Regionalliga,RLSW,Germany,,,,False,False,,
Regionalliga West,Regionalliga,RLW3,Germany,,,,False,False,,
SuperLiga,,RO1,Romania,,,,False,False,,
SuperLiga - Abstiegsrunde,,RO1R,Romania,,,,False,False,,
Liga 2,,RO2,Romania,,,,False,False,,
Liga II - Seria II,,RO2B,Romania,,,,False,False,,
PFL Ost,,RPLO,,,,,False,False,,
2. Division B Gruppe 1 (-2023),2. Division B,RPLS,Russia,,,,False,False,,
2. Division B Gruppe 4 (-2023),2. Division B,RPLU,Russia,,,,False,False,,
2. Division B Gruppe 2 (-2023),,RPLW,,,,,False,False,,
2. Division B Gruppe 3 (-2023),2. Division B,RPLZ,Russia,,,,False,False,,
K League 1,,RSK1,South Korea,,,,False,False,,
K League 2,,RSK2,South Korea,,,,False,False,,
U19 M-Liga (- 2023),,RUJL,Russia,,,,False,False,,
Rel. VL Hessen,,RVH1,Germany,,,,False,False,,
U21 Allsvenskan Norra,,S21N,Sweden,,,,False,False,,
U21 Allsvenskan Södra,,S21S,Sweden,,,,False,False,,
Saudi Pro League,,SA1,Saudi Arabia,,,,False,False,,
First Division League,,SA2L,Saudi Arabia,,,,False,False,,
Kadetska liga,,SB17,,,,,False,False,,
Omladinska liga,,SB19,Serbia,,,,False,False,,
Premiership,,SC1,Scotland,,,,False,False,,
Highland League,,SC5H,Scotland,,,,False,False,,
Lowland League,,SC5L,Scotland,,,,False,False,,
Allsvenskan,,SE1,Sweden,,,,False,False,,
Superettan,,SE2,Sweden,,,,False,False,,
Ettan Norra,Ettan,SE3N,Sweden,,,,False,False,,
Ettan Södra,Ettan,SE3S,Sweden,,,,False,False,,
Super Liga Srbije,,SER1,Serbia,,,,False,False,,
Prva liga Srbije,,SER2,Serbia,,,,False,False,,
Betway Premiership,,SFA1,South Africa,,,,False,False,,
Shikoku Soccer League,Regional League,SHSL,Japan,,,,False,False,,
Prime League,,SINR,Singapore,,,,False,False,,
I. Liga SD,,SK19,Slovakia,,,,False,False,,
II. Liga,,SK2,Slovakia,,,,False,False,,
Prva Liga,,SL1,Slovenia,,,,False,False,,
NextGen Liga,,SL19,Slovenia,,,,False,False,,
Druga Liga,,SL2,Slovenia,,,,False,False,,
Sachsenliga,Landesliga,SLI,Germany,,,,False,False,,
Niké Liga,,SLO1,Slovakia,,,,False,False,,
Apertura Finalrunde,,SLP1,El Salvador,,,,False,False,,
C. Sammarinese,,SMR1,San Marino,,,,False,False,,
Oberliga Südwest (78/79 - 93/94),,SW93,,,,,False,False,,
U19 Süper Lig,,T191,Turkey,,,,False,False,,
U21 Süper Lig,,T211,Turkey,,,,False,False,,
Thai League 3 Champions League,,T3LC,Thailand,,,,False,False,,
Vysshaya Liga,,TAD1,Tajikistan,,,,False,False,,
Liga 1 Apertura,,TDeA,Peru,,,,False,False,,
Liga 1 Clausura,,TDeC,Peru,,,,False,False,,
Football League Div.2,,TFL2,Chinese Taipei,,,,False,False,,
Thai League,,THA1,Thailand,,,,False,False,,
Thai League 2,,THA2,Thailand,,,,False,False,,
Thüringenliga,Landesliga,THLI,Germany,,,,False,False,,
Liga Timorense,,TLE1,Timor-Leste,,,,False,False,,
Tohoku Soccer League (Div.1),Regional League,TOHL,Japan,,,,False,False,,
Tokai Soccer League (Div.1),Regional League,TOSL,Japan,,,,False,False,,
Süper Lig,,TR1,Turkey,,,,False,False,,
1.Lig,,TR2,Turkey,,,,False,False,,
2.Lig Beyaz,2.Lig,TR3A,Turkey,,,,False,False,,
2.Lig Kirmizi,2.Lig,TR3B,Turkey,,,,False,False,,
3.Lig Grup 1,3.Lig,TR4A,Turkey,,,,False,False,,
3.Lig Grup 2,3.Lig,TR4B,Turkey,,,,False,False,,
3.Lig Grup 3,3.Lig,TR4C,Turkey,,,,False,False,,
3.Lig Grup 4,,TR4D,Turkey,,,,False,False,,
Süper Lig Reserve Liga,,TRP2,,,,,False,False,,
Chance Liga,,TS1,Czech Republic,,,,False,False,,
ChNL,,TS2,Czech Republic,,,,False,False,,
U19 Premier Liga,,UA19,Ukraine,,,,False,False,,
U21 Premier Liga,,UA2P,Ukraine,,,,False,False,,
UAE Pro League,,UAE1,United Arab Emirates,,,,False,False,,
NB II - West,,UG2W,Hungary,,,,False,False,,
Uganda Premier League,,UGL1,Uganda,,,,False,False,,
Persha Liga,,UKR2,Ukraine,,,,False,False,,
NB II.,,UN2,Hungary,,,,False,False,,
NB I.,,UNG1,Hungary,,,,False,False,,
Primera B Metropolitana,,URL3,Argentina,,,,False,False,,
Liga AUF Apertura,,URU1,Uruguay,,,,False,False,,
Segunda División,,URU2,Uruguay,,,,False,False,,
Segunda División Playoff,,URU3,Uruguay,,,,False,False,,
Liga AUF Clausura,,URUC,Uruguay,,,,False,False,,
NASL,,USA2,Puerto Rico,,,,False,False,,
USL1,,USC3,United States,,,,False,False,,
USL-1,,USFD,United States,,,,False,False,,
USLC,,USL,United States,,,,False,False,,
O'zbekiston Pro Liga,,UZ2L,Uzbekistan,,,,False,False,,
Relegation Superligasi,,UZR,Uzbekistan,,,,False,False,,
2de Nationale VV A,,VFVA,Belgium,,,,False,False,,
2de Nationale VV B,,VFVB,Belgium,,,,False,False,,
V.League 1,,VIE1,Vietnam,,,,False,False,,
VL Baden,Verbandsliga,VLBA,Germany,,,,False,False,,
Berlin-Liga,Landesliga,VLBE,Germany,,,,False,False,,
VL Württemberg,Verbandsliga,VLBW,Germany,,,,False,False,,
VL Hessen-Mitte,Verbandsliga,VLHM,Germany,,,,False,False,,
VL Hessen-Nord,Verbandsliga,VLHN,Germany,,,,False,False,,
VL Hessen-Süd,Verbandsliga,VLHS,Germany,,,,False,False,,
VL Meckl.-Vorpommern,Verbandsliga,VLMV,Germany,,,,False,False,,
VL Sachsen-Anhalt,Verbandsliga,VLSA,Germany,,,,False,False,,
VL Südbaden,Verbandsliga,VLSB,Germany,,,,False,False,,
VL Südwest,Verbandsliga,VLSW,Germany,,,,False,False,,
Westfalenliga 1,Landesliga,VLW1,Germany,,,,False,False,,
Westfalenliga 2,Landesliga,VLW2,Germany,,,,False,False,,
Liga FUTVE 2,,VN2A,Venezuela,,,,False,False,,
Verbandsliga SH Süd-Ost,,VSHO,,,,,False,False,,
Verbandsliga SH Nord-West,,VSNW,,,,,False,False,,
Liga FUTVE Apertura,,VZ1A,Venezuela,,,,False,False,,
Liga FUTVE Clausura,,VZ1C,Venezuela,,,,False,False,,
Liga FUTVE,,VZ1L,Venezuela,,,,False,False,,
Cymru South,,WA2S,Wales,,,,False,False,,
Cymru Premier,,WAL1,Wales,,,,False,False,,
Cymru North,,WAL2,Wales,,,,False,False,,
Vysheyshaya Liga,,WER1,Belarus,,,,False,False,,
Pershaya Liga,,WER2,Belarus,,,,False,False,,
YFL U17,,Y047,Russia,,,,False,False,,
YFL U16,,Y246,,,,,False,False,,
Cyprus League,,ZYP1,Cyprus,,,,False,False,,
