competition_code,country,our_league,opta_league,opta_rank,opta_score,mapping_status,confidence,notes
ARG3,Argentina,Torneo Federal A,Torneo Federal A,89.0,69.41,MATCH,100.0,exact
BRAL,Brazil,Campeonato Alagoano,Alagoano 1,289.0,54.40,MATCH,88.88888888888889,country_fuzzy
BRES,Brazil,Campeonato Capixaba,Capixaba A,342.0,49.99,MATCH,88.88888888888889,country_fuzzy
BRPB,Brazil,Campeonato Paraibano,Paraibano 1,311.0,52.38,MATCH,90.0,country_fuzzy
CDN1,Canada,Canadian Premier League,Canadian Premier League,156.0,64.81,MATCH,100.0,exact
TFPL,Chinese Taipei,Taiwan Football Premier League,Taiwan Football Premier League,337.0,50.61,MATCH,100.0,exact
CYP2,Cyprus,2. Division,2. Division,179.0,62.76,MATCH,100.0,exact
DK3O,Denmark,2.Division,2. Division,250.0,58.01,MATCH,100.0,exact
DK4L,Denmark,3.Division,3. Division,348.0,49.22,MATCH,100.0,exact
EC2L,Ecuador,Liga Pro Serie B,Liga Pro Serie B,67.0,71.22,MATCH,100.0,exact
EGY1,Egypt,Egyptian Premier League,Egyptian Premier League,46.0,74.24,MATCH,100.0,exact
EST2,Estonia,Esiliiga,Esiliiga A,380.0,46.17,MATCH,88.88888888888889,country_fuzzy
FIYK,Finland,Ykkönen,Ykkönen,310.0,52.42,MATCH,100.0,exact
FI2,Finland,Ykkösliiga,Ykkösliiga,226.0,59.89,MATCH,100.0,exact
GE1N,Georgia,Erovnuli Liga,Erovnuli Liga 2,258.0,57.46,MATCH,88.88888888888889,country_fuzzy
GEO2,Georgia,Erovnuli Liga 2,Erovnuli Liga 2,258.0,57.46,MATCH,100.0,exact
GHPL,Ghana,Ghana Premier League,Ghana Premier League,85.0,69.75,MATCH,100.0,exact
GRS2,Greece,Super League 2,Super League 2,208.0,61.10,MATCH,100.0,exact
ISL3,Iceland,2. deild,2. Deild,341.0,50.01,MATCH,100.0,exact
IND1,India,Indian Super League,Indian Super League,200.0,61.55,MATCH,100.0,exact
IRN2,Iran,Azadegan League,Azadegan League,153.0,64.98,MATCH,100.0,exact
IRN1,Iran,Persian Gulf Pro League,Persian Gulf Pro League,62.0,72.48,MATCH,100.0,manual
ISR2,Israel,Liga Leumit,Liga Leumit,148.0,65.20,MATCH,100.0,exact
JFL,Japan,Japan Football League,Japan Football League,282.0,54.90,MATCH,100.0,exact
LET1,Latvia,Virsliga,Latvian Virsliga,123.0,66.68,MATCH,100.0,manual
MYS1,Malaysia,Malaysia Super League,Malaysian Super League,171.0,63.59,MATCH,96.55172413793103,country_fuzzy
MLD1,Maldives,Dhivehi Premier League,Dhivehi Premier League,364.0,47.32,MATCH,100.0,exact
MEX2,Mexico,Liga de Expansión MX Clausura,Liga de Expansión MX,78.0,70.38,MATCH,100.0,exact
510,Netherlands,Derde Divisie A,Derde Divisie,329.0,51.12,MATCH,92.85714285714286,country_fuzzy
511,Netherlands,Derde Divisie B,Derde Divisie,329.0,51.12,MATCH,92.85714285714286,country_fuzzy
PAR2,Paraguay,División Intermedia,Division Intermedia,90.0,68.90,MATCH,100.0,exact
PT3A,Portugal,Liga 3,Liga 3,114.0,67.40,MATCH,100.0,exact
QSL,Qatar,Qatar Stars League,Qatar Stars League,72.0,70.70,MATCH,100.0,exact
QU2L,Qatar,Qatari Second Division,Qatar Second Division,166.0,63.97,MATCH,96.0,country_fuzzy
SC2,Scotland,Scottish Championship,Scottish Championship,157.0,64.72,MATCH,100.0,exact
SC3,Scotland,Scottish League One,Scottish League One,253.0,57.76,MATCH,100.0,exact
SC4,Scotland,Scottish League Two,Scottish League Two,334.0,50.95,MATCH,100.0,exact
SC1,Scotland,Scottish Premiership,Scottish Premiership,43.0,75.47,MATCH,100.0,exact
SIN1,Singapore,Singapore Premier League,Singapore Premier League,192.0,62.05,MATCH,100.0,exact
SIN2,Singapore,Singapore Premier League 2,Singapore Premier League,192.0,62.05,MATCH,94.44444444444444,country_fuzzy
CHPR,Switzerland,Promotion League,1. Liga Promotion,222.0,60.10,MATCH,90.0,country_fuzzy
TAD1,Tajikistan,Vysshaya Liga,Vysshaya Liga,263.0,56.85,MATCH,100.0,exact
THA2,Thailand,Thai League 2,Thai League 2,260.0,57.05,MATCH,100.0,exact
UGL1,Uganda,Uganda Premier League,Uganda Premier League,139.0,65.83,MATCH,100.0,exact
UKR2,Ukraine,Persha Liga,Persha Liga,231.0,59.11,MATCH,100.0,exact
UAE1,United Arab Emirates,UAE Pro League,UAE Pro League,70.0,70.73,MATCH,100.0,manual
VIE1,Vietnam,V.League 1,V.League 1,119.0,66.96,MATCH,100.0,exact
ALB1,Albania,Kategoria Superiore,,,,REVIEW,,Needs manual review
ALB2,Albania,Kategoria e Parë,,,,REVIEW,,Needs manual review
AND1,Andorra,Primera Divisió,,,,REVIEW,,Needs manual review
CLPI,Argentina,Copa LPF Proyección Apertura,,,,REVIEW,,Needs manual review
URL3,Argentina,Primera B Metropolitana,,,,REVIEW,,Needs manual review
ARG2,Argentina,Primera Nacional,,,,REVIEW,,Needs manual review
ARGC,Argentina,Torneo Clausura,,,,REVIEW,,Needs manual review
ARM2,Armenia,Armenian First League,,,,REVIEW,,Needs manual review
ARM1,Armenia,Premier League,,,,REVIEW,,Needs manual review
AUS1,Australia,A-League Men,,,,REVIEW,,Needs manual review
A2SW,Australia,National Premier League - New South Wales,,,,REVIEW,,Needs manual review
A2VI,Australia,National Premier League - Victoria,,,,REVIEW,,Needs manual review
A4N,Austria,1. Landesliga Niederösterreich,,,,REVIEW,,Needs manual review
A2,Austria,2. Liga,,,,REVIEW,,Needs manual review
ATRO,Austria,Regionalliga Ost,,,,REVIEW,,Needs manual review
JGD3,Austria,ÖFB Jugendliga U16,,,,REVIEW,,Needs manual review
AZ1,Azerbaijan,Premyer Liqa,,,,REVIEW,,Needs manual review
BGD1,Bangladesh,Bangladesh Football League,,,,REVIEW,,Needs manual review
WER2,Belarus,Pershaya Liga,,,,REVIEW,,Needs manual review
WER1,Belarus,Vysheyshaya Liga,,,,REVIEW,,Needs manual review
BE3A,Belgium,1ste Nationale FFA,,,,REVIEW,,Needs manual review
BE3V,Belgium,1ste Nationale VV,,,,REVIEW,,Needs manual review
VFVA,Belgium,2de Nationale VV A,,,,REVIEW,,Needs manual review
VFVB,Belgium,2de Nationale VV B,,,,REVIEW,,Needs manual review
BE5A,Belgium,3de Nationale VV A,,,,REVIEW,,Needs manual review
BE2,Belgium,Challenger Pro League,,,,REVIEW,,Needs manual review
BE1,Belgium,Jupiler Pro League,,,,REVIEW,,Needs manual review
BZ1A,Belize,Liga Premier de Belice Apertura,,,,REVIEW,,Needs manual review
BH1L,Bhutan,Bhutan Premier League,,,,REVIEW,,Needs manual review
BO1A,Bolivia,División Profesional,,,,REVIEW,,Needs manual review
BOS1,Bosnien-Herzegowina,Premijer Liga Bosne i Hercegovine,,,,REVIEW,,Needs manual review
BH2S,Bosnien-Herzegowina,Prva Liga RS,,,,REVIEW,,Needs manual review
BOS2,Bosnien-Herzegowina,Prva liga FBiH,,,,REVIEW,,Needs manual review
BRA1,Brazil,Campeonato Brasileiro Série A,,,,REVIEW,,Needs manual review
BRA2,Brazil,Campeonato Brasileiro Série B,,,,REVIEW,,Needs manual review
BU2,Bulgaria,Vtora Liga,,,,REVIEW,,Needs manual review
BU1,Bulgaria,efbet Liga,,,,REVIEW,,Needs manual review
KHM1,Cambodia,Cambodian Premier League,,,,REVIEW,,Needs manual review
CL2B,Chile,Liga de Ascenso,,,,REVIEW,,Needs manual review
CLPD,Chile,Liga de Primera,,,,REVIEW,,Needs manual review
CHI3,Chile,Segunda División Profesional,,,,REVIEW,,Needs manual review
CLO,China,China League One,,,,REVIEW,,Needs manual review
CSL,China,Chinese Super League,,,,REVIEW,,Needs manual review
COLP,Colombia,Liga DIMAYOR Apertura,,,,REVIEW,,Needs manual review
CO2T,Colombia,Torneo DIMAYOR I,,,,REVIEW,,Needs manual review
CRPD,Costa Rica,Primera División Apertura,,,,REVIEW,,Needs manual review
KR2,Croatia,Prva Nogometna Liga,,,,REVIEW,,Needs manual review
KR1,Croatia,SuperSport HNL,,,,REVIEW,,Needs manual review
ZYP1,Cyprus,Cyprus League,,,,REVIEW,,Needs manual review
CZ19,Czech Republic,1. Dorostenecka liga,,,,REVIEW,,Needs manual review
CZ3C,Czech Republic,Ceska fotbalova liga,,,,REVIEW,,Needs manual review
TS1,Czech Republic,Chance Liga,,,,REVIEW,,Needs manual review
TS2,Czech Republic,Chance Narodni Liga,,,,REVIEW,,Needs manual review
CZ3M,Czech Republic,Moravskoslezska fotbalova liga,,,,REVIEW,,Needs manual review
DK1,Denmark,Superliga,,,,REVIEW,,Needs manual review
DOM1,Dominican Republic,Liga Dominicana de Fútbol,,,,REVIEW,,Needs manual review
EC1N,Ecuador,LigaPro Serie A,,,,REVIEW,,Needs manual review
GB2,England,Championship,,,,REVIEW,,Needs manual review
GB3,England,League One,,,,REVIEW,,Needs manual review
GB4,England,League Two,,,,REVIEW,,Needs manual review
CNAT,England,National League,,,,REVIEW,,Needs manual review
NLN6,England,National League North,,,,REVIEW,,Needs manual review
NLS6,England,National League South,,,,REVIEW,,Needs manual review
GB21,England,Premier League 2,,,,REVIEW,,Needs manual review
EST1,Estonia,Premium Liiga,,,,REVIEW,,Needs manual review
ETP1,Ethiopia,Äthiopische Premier League,,,,REVIEW,,Needs manual review
OFPL,Fiji,OFC Professional League,,,,REVIEW,,Needs manual review
F4KP,Finland,Kolmonen Pohjoinen,,,,REVIEW,,Needs manual review
FI1,Finland,Veikkausliiga,,,,REVIEW,,Needs manual review
FR1,France,Ligue 1,,,,REVIEW,,Needs manual review
FR2,France,Ligue 2,,,,REVIEW,,Needs manual review
FR3,France,Ligue 3,,,,REVIEW,,Needs manual review
FAR2,Färöer,1. deild,,,,REVIEW,,Needs manual review
FARO,Färöer,Meistaradeildin,,,,REVIEW,,Needs manual review
L2,Germany,2. Bundesliga,,,,REVIEW,,Needs manual review
L3,Germany,3. Liga,,,,REVIEW,,Needs manual review
OLB1,Germany,Bayernliga Nord,,,,REVIEW,,Needs manual review
OLB2,Germany,Bayernliga Süd,,,,REVIEW,,Needs manual review
L1,Germany,Bundesliga,,,,REVIEW,,Needs manual review
LBNW,Germany,Landesliga Bayern Nordwest,,,,REVIEW,,Needs manual review
LBSO,Germany,Landesliga Bayern Südost,,,,REVIEW,,Needs manual review
LNHA,Germany,Landesliga Hannover,,,,REVIEW,,Needs manual review
RLB3,Germany,Regionalliga Bayern,,,,REVIEW,,Needs manual review
RLN3,Germany,Regionalliga Nord,,,,REVIEW,,Needs manual review
RLN4,Germany,Regionalliga Nordost,,,,REVIEW,,Needs manual review
RLSW,Germany,Regionalliga Südwest,,,,REVIEW,,Needs manual review
RLW3,Germany,Regionalliga West,,,,REVIEW,,Needs manual review
VLMV,Germany,Verbandsliga Mecklenburg-Vorpommern,,,,REVIEW,,Needs manual review
VLSW,Germany,Verbandsliga Südwest,,,,REVIEW,,Needs manual review
VLW1,Germany,Westfalenliga 1,,,,REVIEW,,Needs manual review
VLW2,Germany,Westfalenliga 2,,,,REVIEW,,Needs manual review
GI1,Gibraltar,Gibraltar Football League,,,,REVIEW,,Needs manual review
GR1,Greece,Super League 1,,,,REVIEW,,Needs manual review
GU1C,Guatemala,Liga Nacional Clausura,,,,REVIEW,,Needs manual review
HO1A,Honduras,Liga Nacional Apertura,,,,REVIEW,,Needs manual review
HK2L,Hong Kong,Hong Kong First Division,,,,REVIEW,,Needs manual review
HK3L,Hong Kong,Hong Kong Second Division,,,,REVIEW,,Needs manual review
HGKG,Hong Kong,Hongkong Premier League,,,,REVIEW,,Needs manual review
UNG1,Hungary,Nemzeti Bajnokság,,,,REVIEW,,Needs manual review
UN2,Hungary,Nemzeti Bajnokság II.,,,,REVIEW,,Needs manual review
IS1,Iceland,Besta deild,,,,REVIEW,,Needs manual review
IS2,Iceland,Lengjudeild,,,,REVIEW,,Needs manual review
ILI2,Indonesia,Championship Indonesia,,,,REVIEW,,Needs manual review
IN1L,Indonesia,Super League,,,,REVIEW,,Needs manual review
IRN3,Iran,League 2,,,,REVIEW,,Needs manual review
IRQ1,Iraq,Iraq Stars League,,,,REVIEW,,Needs manual review
IR2,Ireland,League of Ireland First Division,,,,REVIEW,,Needs manual review
IR1,Ireland,League of Ireland Premier Division,,,,REVIEW,,Needs manual review
ISR1,Israel,Ligat ha'Al,,,,REVIEW,,Needs manual review
ITJ6,Italy,Campionato nazionale Under 17 - C,,,,REVIEW,,Needs manual review
IJ1,Italy,Primavera 1,,,,REVIEW,,Needs manual review
IJ2A,Italy,Primavera 2 - A,,,,REVIEW,,Needs manual review
IJ2B,Italy,Primavera 2 - B,,,,REVIEW,,Needs manual review
IT1,Italy,Serie A,,,,REVIEW,,Needs manual review
IT2,Italy,Serie B,,,,REVIEW,,Needs manual review
IT3A,Italy,Serie C - Girone A,,,,REVIEW,,Needs manual review
IT3B,Italy,Serie C - Girone B,,,,REVIEW,,Needs manual review
IT3C,Italy,Serie C - Girone C,,,,REVIEW,,Needs manual review
IT4A,Italy,Serie D - Girone A,,,,REVIEW,,Needs manual review
IT4B,Italy,Serie D - Girone B,,,,REVIEW,,Needs manual review
IT4C,Italy,Serie D - Girone C,,,,REVIEW,,Needs manual review
IT4D,Italy,Serie D - Girone D,,,,REVIEW,,Needs manual review
IT4E,Italy,Serie D - Girone E,,,,REVIEW,,Needs manual review
IT4F,Italy,Serie D - Girone F,,,,REVIEW,,Needs manual review
IT4G,Italy,Serie D - Girone G,,,,REVIEW,,Needs manual review
IT4H,Italy,Serie D - Girone H,,,,REVIEW,,Needs manual review
IT4I,Italy,Serie D - Girone I,,,,REVIEW,,Needs manual review
HKSE,Japan,Hokushin'etsu Football League (Div.1),,,,REVIEW,,Needs manual review
JAP1,Japan,J1 League,,,,REVIEW,,Needs manual review
JAP2,Japan,J2 League,,,,REVIEW,,Needs manual review
JAP3,Japan,J3 League,,,,REVIEW,,Needs manual review
JO1L,Jordan,Jordanian Pro League,,,,REVIEW,,Needs manual review
KAS2,Kazakhstan,Pervaya Liga,,,,REVIEW,,Needs manual review
KAS1,Kazakhstan,Premier Liga,,,,REVIEW,,Needs manual review
KO1,Kosovo,Superliga e Kosovës,,,,REVIEW,,Needs manual review
KG1L,Kyrgyzstan,Jogorku Liga,,,,REVIEW,,Needs manual review
LAO1,Laos,Lao League 1,,,,REVIEW,,Needs manual review
LET2,Latvia,Futbola Pirmā līga,,,,REVIEW,,Needs manual review
LPL,Libya,Libyan Premier League,,,,REVIEW,,Needs manual review
LTU2,Lithuania,I Lyga,,,,REVIEW,,Needs manual review
LI1,Lithuania,Toplyga,,,,REVIEW,,Needs manual review
LUX1,Luxembourg,BGL Ligue,,,,REVIEW,,Needs manual review
LUX2,Luxembourg,Ehrenpromotion,,,,REVIEW,,Needs manual review
MT1N,Malta,Premier League Opening Round,,,,REVIEW,,Needs manual review
MEXA,Mexico,Liga MX Apertura,,,,REVIEW,,Needs manual review
MDL2,Moldawien,Liga 1,,,,REVIEW,,Needs manual review
MO1N,Moldawien,Super Liga,,,,REVIEW,,Needs manual review
MNE2,Montenegro,2. CFL,,,,REVIEW,,Needs manual review
MNE1,Montenegro,Meridianbet 1. CFL,,,,REVIEW,,Needs manual review
MAR1,Morocco,Botola Pro Inwi,,,,REVIEW,,Needs manual review
MYA1,Myanmar,Myanmar National League,,,,REVIEW,,Needs manual review
NL1,Netherlands,Eredivisie,,,,REVIEW,,Needs manual review
NL2,Netherlands,Keuken Kampioen Divisie,,,,REVIEW,,Needs manual review
NTD,Netherlands,Tweede Divisie,,,,REVIEW,,Needs manual review
NCL1,New Zealand,National League - Central,,,,REVIEW,,Needs manual review
NNL1,New Zealand,National League - North,,,,REVIEW,,Needs manual review
NSL1,New Zealand,National League - South,,,,REVIEW,,Needs manual review
NC1A,Nicaragua,Liga Primera de Nicaragua Apertura,,,,REVIEW,,Needs manual review
NPFL,Nigeria,Nigeria Professional Football League,,,,REVIEW,,Needs manual review
MAZ1,North Macedonia,Prva Makedonska Fudbalska Liga,,,,REVIEW,,Needs manual review
NIR1,Northern Ireland,Premiership,,,,REVIEW,,Needs manual review
NO1,Norway,Eliteserien,,,,REVIEW,,Needs manual review
NO41,Norway,Norsk Tipping-Ligaen avdeling 1,,,,REVIEW,,Needs manual review
NO43,Norway,Norsk Tipping-Ligaen avdeling 3,,,,REVIEW,,Needs manual review
NO44,Norway,Norsk Tipping-Ligaen avdeling 4,,,,REVIEW,,Needs manual review
NO45,Norway,Norsk Tipping-Ligaen avdeling 5,,,,REVIEW,,Needs manual review
NO46,Norway,Norsk Tipping-Ligaen avdeling 6,,,,REVIEW,,Needs manual review
NO2,Norway,OBOS-ligaen,,,,REVIEW,,Needs manual review
NO31,Norway,PostNord-ligaen Avd. 1,,,,REVIEW,,Needs manual review
NO32,Norway,PostNord-ligaen Avd. 2,,,,REVIEW,,Needs manual review
OM1L,Oman,Oman Jindal League,,,,REVIEW,,Needs manual review
PN1A,Panama,Liga Panameña de Fútbol Apertura,,,,REVIEW,,Needs manual review
PR1C,Paraguay,Primera División Clausura,,,,REVIEW,,Needs manual review
TDeC,Peru,Liga 1 Clausura,,,,REVIEW,,Needs manual review
PL2,Poland,Betclic 1 Liga,,,,REVIEW,,Needs manual review
PL2L,Poland,Betclic 2 Liga,,,,REVIEW,,Needs manual review
PL1,Poland,PKO BP Ekstraklasa,,,,REVIEW,,Needs manual review
CPSA,Portugal,Campeonato de Portugal - Série A,,,,REVIEW,,Needs manual review
CPSB,Portugal,Campeonato de Portugal - Série B,,,,REVIEW,,Needs manual review
CPSC,Portugal,Campeonato de Portugal - Série C,,,,REVIEW,,Needs manual review
PO1,Portugal,Liga Portugal,,,,REVIEW,,Needs manual review
PO2,Portugal,Liga Portugal 2,,,,REVIEW,,Needs manual review
RO2,Romania,Liga 2,,,,REVIEW,,Needs manual review
RO1,Romania,SuperLiga,,,,REVIEW,,Needs manual review
RU2,Russia,1.Division,,,,REVIEW,,Needs manual review
R3D1,Russia,2. Division A (Phase 1),,,,REVIEW,,Needs manual review
SA2L,Saudi Arabia,Saudi First Division League,,,,REVIEW,,Needs manual review
SA1,Saudi Arabia,Saudi Pro League,,,,REVIEW,,Needs manual review
SC5L,Scotland,Scottish Lowland Football League,,,,REVIEW,,Needs manual review
SER2,Serbia,Prva liga Srbije,,,,REVIEW,,Needs manual review
SER1,Serbia,Super Liga Srbije,,,,REVIEW,,Needs manual review
SK19,Slovakia,I. Liga starsieho dorastu,,,,REVIEW,,Needs manual review
SK2,Slovakia,II. Liga,,,,REVIEW,,Needs manual review
SLO1,Slovakia,Niké Liga,,,,REVIEW,,Needs manual review
SL2,Slovenia,Druga Liga,,,,REVIEW,,Needs manual review
SL1,Slovenia,Prva Liga,,,,REVIEW,,Needs manual review
SFA1,South Africa,Betway Premiership,,,,REVIEW,,Needs manual review
RSK1,South Korea,K League 1,,,,REVIEW,,Needs manual review
RSK2,South Korea,K League 2,,,,REVIEW,,Needs manual review
K3L,South Korea,K3 League,,,,REVIEW,,Needs manual review
K4L,South Korea,K4 League,,,,REVIEW,,Needs manual review
ES1,Spain,LaLiga,,,,REVIEW,,Needs manual review
ES2,Spain,LaLiga2,,,,REVIEW,,Needs manual review
E3G1,Spain,Primera Federación - Grupo I,,,,REVIEW,,Needs manual review
E3G2,Spain,Primera Federación - Grupo II,,,,REVIEW,,Needs manual review
E4G1,Spain,Segunda Federación - Grupo I,,,,REVIEW,,Needs manual review
E4G2,Spain,Segunda Federación - Grupo II,,,,REVIEW,,Needs manual review
E4G3,Spain,Segunda Federación - Grupo III,,,,REVIEW,,Needs manual review
E4G4,Spain,Segunda Federación - Grupo IV,,,,REVIEW,,Needs manual review
E4G5,Spain,Segunda Federación - Grupo V,,,,REVIEW,,Needs manual review
SE1,Sweden,Allsvenskan,,,,REVIEW,,Needs manual review
SE3N,Sweden,Ettan Norra,,,,REVIEW,,Needs manual review
SE3S,Sweden,Ettan Södra,,,,REVIEW,,Needs manual review
SE2,Sweden,Superettan,,,,REVIEW,,Needs manual review
C2,Switzerland,Challenge League,,,,REVIEW,,Needs manual review
THA1,Thailand,Thai League,,,,REVIEW,,Needs manual review
TLE1,Timor-Leste,Liga Timorense - Primeira Divisão,,,,REVIEW,,Needs manual review
TR2,Turkey,1.Lig,,,,REVIEW,,Needs manual review
TR3A,Turkey,2.Lig Beyaz,,,,REVIEW,,Needs manual review
TR3B,Turkey,2.Lig Kirmizi,,,,REVIEW,,Needs manual review
TR4A,Turkey,3.Lig Grup 1,,,,REVIEW,,Needs manual review
TR4B,Turkey,3.Lig Grup 2,,,,REVIEW,,Needs manual review
TR4C,Turkey,3.Lig Grup 3,,,,REVIEW,,Needs manual review
TR1,Turkey,Süper Lig,,,,REVIEW,,Needs manual review
MNP3,United States,MLS Next Pro,,,,REVIEW,,Needs manual review
MLS1,United States,Major League Soccer,,,,REVIEW,,Needs manual review
USL,United States,USL Championship,,,,REVIEW,,Needs manual review
USC3,United States,USL League One,,,,REVIEW,,Needs manual review
URUI,Uruguay,Liga AUF Intermedio,,,,REVIEW,,Needs manual review
UR2T,Uruguay,Segunda División - Torneo Competencia,,,,REVIEW,,Needs manual review
UZ2L,Uzbekistan,O'zbekiston Pro Liga,,,,REVIEW,,Needs manual review
UZ1,Uzbekistan,O'zbekiston Superligasi,,,,REVIEW,,Needs manual review
VN2A,Venezuela,Liga FUTVE 2,,,,REVIEW,,Needs manual review
VZ1A,Venezuela,Liga FUTVE Apertura,,,,REVIEW,,Needs manual review
,Vereinslos,Vereinslos,,,,REVIEW,,Needs manual review
WAL2,Wales,Cymru North,,,,REVIEW,,Needs manual review
WAL1,Wales,Cymru Premier,,,,REVIEW,,Needs manual review
ACFF,nan,2de Nationale FFA,,,,REVIEW,,Needs manual review
BSL1,nan,Brunei Super League,,,,REVIEW,,Needs manual review
BRCB,nan,Campeonato Baiano,,,,REVIEW,,Needs manual review
BRQR,nan,Campeonato Gaúcho - Abstiegsrunde,,,,REVIEW,,Needs manual review
BRGO,nan,Campeonato Goiano,,,,REVIEW,,Needs manual review
BRCM,nan,Campeonato Mineiro,,,,REVIEW,,Needs manual review
ITJ7,nan,Campionato Under 18,,,,REVIEW,,Needs manual review
ITJ4,nan,Campionato nazionale Under 17 - A,,,,REVIEW,,Needs manual review
ITJ5,nan,Campionato nazionale Under 17 - B,,,,REVIEW,,Needs manual review
CL3S,nan,China League Two B,,,,REVIEW,,Needs manual review
FIJ1,nan,Fiji Premier League,,,,REVIEW,,Needs manual review
HK22,nan,Hongkong U22 League,,,,REVIEW,,Needs manual review
A4ST,nan,Landesliga Steiermark,,,,REVIEW,,Needs manual review
SL19,nan,NextGen Liga,,,,REVIEW,,Needs manual review
Y246,nan,YFL U16,,,,REVIEW,,Needs manual review
PLZJ,nan,Zentrale Jugendliga,,,,REVIEW,,Needs manual review
A4B,Austria,Burgenlandliga,,,,NO_OPTA,,Regional competition
A4W,Austria,Wiener Stadtliga,,,,NO_OPTA,,Regional competition
JGD2,Austria,ÖFB Jugendliga U18,,,,NO_OPTA,,Youth competition
BI19,Bosnien-Herzegowina,Premijer Liga BiH U19,,,,NO_OPTA,,Youth competition
DKDD,Denmark,U19 Drenge Divisionen,,,,NO_OPTA,,Youth competition
DKDL,Denmark,U19 Drenge Ligaen,,,,NO_OPTA,,Youth competition
GB18,England,U18 Premier League,,,,NO_OPTA,,Youth competition
FI3B,Finland,Kakkonen - Gruppe B,,,,NO_OPTA,,Regional competition
F19B,France,Championnat National U19 - Groupe B,,,,NO_OPTA,,Youth competition
OBLC,Germany,Hessenliga,,,,NO_OPTA,,Regional competition
OLMR,Germany,Mittelrheinliga,,,,NO_OPTA,,Regional competition
OBLF,Germany,NOFV-Oberliga Nord,,,,NO_OPTA,,Regional competition
OBLG,Germany,NOFV-Oberliga Süd,,,,NO_OPTA,,Regional competition
OBLB,Germany,Oberliga Baden-Württemberg,,,,NO_OPTA,,Regional competition
OBLJ,Germany,Oberliga Hamburg,,,,NO_OPTA,,Regional competition
OLNI,Germany,Oberliga Niederrhein,,,,NO_OPTA,,Regional competition
OBLN,Germany,Oberliga Niedersachsen,,,,NO_OPTA,,Regional competition
OLRP,Germany,Oberliga Rheinland-Pfalz/Saar,,,,NO_OPTA,,Regional competition
RHL,Germany,Rheinlandliga,,,,NO_OPTA,,Regional competition
17DA,Germany,U17 DFB-Nachwuchsliga - Vorrunde Gruppe A,,,,NO_OPTA,,Youth competition
17DB,Germany,U17 DFB-Nachwuchsliga - Vorrunde Gruppe B,,,,NO_OPTA,,Youth competition
17DC,Germany,U17 DFB-Nachwuchsliga - Vorrunde Gruppe C,,,,NO_OPTA,,Youth competition
17DD,Germany,U17 DFB-Nachwuchsliga - Vorrunde Gruppe D,,,,NO_OPTA,,Youth competition
17DE,Germany,U17 DFB-Nachwuchsliga - Vorrunde Gruppe E,,,,NO_OPTA,,Youth competition
17DF,Germany,U17 DFB-Nachwuchsliga - Vorrunde Gruppe F,,,,NO_OPTA,,Youth competition
17DG,Germany,U17 DFB-Nachwuchsliga - Vorrunde Gruppe G,,,,NO_OPTA,,Youth competition
17DH,Germany,U17 DFB-Nachwuchsliga - Vorrunde Gruppe H,,,,NO_OPTA,,Youth competition
19D1,Germany,U19 DFB-Nachwuchsliga - Vorrunde Gruppe A,,,,NO_OPTA,,Youth competition
19D2,Germany,U19 DFB-Nachwuchsliga - Vorrunde Gruppe B,,,,NO_OPTA,,Youth competition
19D3,Germany,U19 DFB-Nachwuchsliga - Vorrunde Gruppe C,,,,NO_OPTA,,Youth competition
19D4,Germany,U19 DFB-Nachwuchsliga - Vorrunde Gruppe D,,,,NO_OPTA,,Youth competition
19D5,Germany,U19 DFB-Nachwuchsliga - Vorrunde Gruppe E,,,,NO_OPTA,,Youth competition
19D6,Germany,U19 DFB-Nachwuchsliga - Vorrunde Gruppe F,,,,NO_OPTA,,Youth competition
19D7,Germany,U19 DFB-Nachwuchsliga - Vorrunde Gruppe G,,,,NO_OPTA,,Youth competition
19D8,Germany,U19 DFB-Nachwuchsliga - Vorrunde Gruppe H,,,,NO_OPTA,,Youth competition
19D9,Germany,U19 DFB-Nachwuchsliga - Vorrunde Gruppe I,,,,NO_OPTA,,Youth competition
VLHM,Germany,Verbandsliga Hessen-Mitte,,,,NO_OPTA,,Regional competition
VLHS,Germany,Verbandsliga Hessen-Süd,,,,NO_OPTA,,Regional competition
GR20,Greece,Super League U19,,,,NO_OPTA,,Youth competition
JPKA,Japan,Kansai Soccer League (Div.1),,,,NO_OPTA,,Regional competition
KTOS,Japan,Kanto Soccer League (Div.1),,,,NO_OPTA,,Regional competition
J18E,Japan,Prinz Takamado U18 Premier League Ost,,,,NO_OPTA,,Youth competition
J18W,Japan,Prinz Takamado U18 Premier League West,,,,NO_OPTA,,Youth competition
TOSL,Japan,Tokai Soccer League (Div.1),,,,NO_OPTA,,Regional competition
J6T2,Japan,Tokai Soccer League (Div.2),,,,NO_OPTA,,Regional competition
M191,Mexico,Liga MX U19 Apertura,,,,NO_OPTA,,Youth competition
NLJV,Netherlands,U19 Division 1 Herbst,,,,NO_OPTA,,Youth competition
NLEV,Netherlands,U19 Division 2 Fall,,,,NO_OPTA,,Youth competition
211F,Netherlands,U21 Divisie 1 Herbst,,,,NO_OPTA,,Youth competition
212F,Netherlands,U21 Divisie 2 Herbst,,,,NO_OPTA,,Youth competition
PL31,Poland,Betclic 3 Liga - Gruppe I,,,,NO_OPTA,,Regional competition
PL32,Poland,Betclic 3 Liga - Gruppe II,,,,NO_OPTA,,Regional competition
PL33,Poland,Betclic 3 Liga - Gruppe III,,,,NO_OPTA,,Regional competition
PL34,Poland,Betclic 3 Liga - Gruppe IV,,,,NO_OPTA,,Regional competition
2DVB,Russia,2. Division B,,,,NO_OPTA,,Regional competition
RJL2,Russia,U19 M-Liga (seit 2024),,,,NO_OPTA,,Youth competition
Y047,Russia,YFL U17,,,,NO_OPTA,,Youth competition
CHC1,Switzerland,1. Liga Classic Gruppe 1,,,,NO_OPTA,,Regional competition
CHC2,Switzerland,1. Liga Classic Gruppe 2,,,,NO_OPTA,,Regional competition
CHC3,Switzerland,1. Liga Classic Gruppe 3,,,,NO_OPTA,,Regional competition
CIR3,Switzerland,2. Liga interregional - Gruppe 3,,,,NO_OPTA,,Regional competition
CIR4,Switzerland,2. Liga interregional - Gruppe 4,,,,NO_OPTA,,Regional competition
CIR5,Switzerland,2. Liga interregional - Gruppe 5,,,,NO_OPTA,,Regional competition
T191,Turkey,U19 Süper Lig,,,,NO_OPTA,,Youth competition
UA2P,Ukraine,U21 Premier Liga,,,,NO_OPTA,,Youth competition
M21A,nan,Liga MX U21 Apertura,,,,NO_OPTA,,Youth competition
OBLL,nan,Oberliga Schleswig-Holstein,,,,NO_OPTA,,Regional competition
BI17,nan,Premijer Liga BiH U17,,,,NO_OPTA,,Youth competition
J6TS,nan,Tohoku Soccer League (Div.2 Süd),,,,NO_OPTA,,Regional competition
NLVB,nan,U17 Divisie 1 Herbst,,,,NO_OPTA,,Youth competition
ES17,nan,U17 Eliitliiga Esiliiga,,,,NO_OPTA,,Youth competition
